Id,UserName,Password,Phone,Gender
1,user1,pass1,01064252254,Male
2,user2,pass2,01044456192,Male
3,user3,pass3,01017981612,Female
4,user4,pass4,01028859107,Female
5,user5,pass5,01069913867,Female
6,user6,pass6,01023102715,Female
7,user7,pass7,01020243794,Male
8,user8,pass8,01011235098,Male
9,user9,pass9,01011792889,Male
10,user10,pass10,01054636827,Male
11,user11,pass11,01058388334,Female
12,user12,pass12,01065611924,Male
13,user13,pass13,01060721738,Female
14,user14,pass14,01015197165,Female
15,user15,pass15,01023188509,Male
16,user16,pass16,01052864276,Female
17,user17,pass17,01098732454,Female
18,user18,pass18,01066928036,Female
19,user19,pass19,01056090724,Female
20,user20,pass20,01063854866,Male
21,user21,pass21,01042671074,Female
22,user22,pass22,01067859619,Female
23,user23,pass23,01099277391,Male
24,user24,pass24,01045014637,Female
25,user25,pass25,01059347991,Male
26,user26,pass26,01041929960,Female
27,user27,pass27,01044728456,Female
28,user28,pass28,01097166384,Female
29,user29,pass29,01074067188,Female
30,user30,pass30,01045976746,Female
31,user31,pass31,01030846415,Female
32,user32,pass32,01047318023,Female
33,user33,pass33,01082149237,Male
34,user34,pass34,01055388521,Female
35,user35,pass35,01019432037,Female
36,user36,pass36,01094218881,Male
37,user37,pass37,01087298109,Female
38,user38,pass38,01036107153,Female
39,user39,pass39,01098633768,Female
40,user40,pass40,01099585944,Female
41,user41,pass41,01092714060,Male
42,user42,pass42,01040502372,Male
43,user43,pass43,01086061619,Female
44,user44,pass44,01046210811,Male
45,user45,pass45,01018883813,Female
46,user46,pass46,01097066687,Male
47,user47,pass47,01043338627,Male
48,user48,pass48,01051168506,Female
49,user49,pass49,01097159734,Male
50,user50,pass50,01066879445,Female
