Id,UserName,Password
1,user1,123456
2,user2,123456
3,user3,123456
4,user4,123456
5,user5,123456
6,user6,123456
7,user7,123456
8,user8,123456
9,user9,123456
10,user10,123456
11,user11,123456
12,user12,123456
13,user13,123456
14,user14,123456
15,user15,123456
16,user16,123456
17,user17,123456
18,user18,123456
19,user19,123456
20,user20,123456
21,user21,123456
22,user22,123456
23,user23,123456
24,user24,123456
25,user25,123456
26,user26,123456
27,user27,123456
28,user28,123456
29,user29,123456
30,user30,123456
31,user31,123456
32,user32,123456
33,user33,123456
34,user34,123456
35,user35,123456
36,user36,123456
37,user37,123456
38,user38,123456
39,user39,123456
40,user40,123456
41,user41,123456
42,user42,123456
43,user43,123456
44,user44,123456
45,user45,123456
46,user46,123456
47,user47,123456
48,user48,123456
49,user49,123456
50,user50,123456